{"assets/audio/bamboo.mp3":["assets/audio/bamboo.mp3"],"assets/audio/bamboox2.mp3":["assets/audio/bamboox2.mp3"],"assets/audio/bell2.mp3":["assets/audio/bell2.mp3"],"assets/images/assets - Atalho.lnk":["assets/images/assets - Atalho.lnk"],"assets/images/col_1/puzzle1.png":["assets/images/col_1/puzzle1.png"],"assets/images/col_1/puzzle1/4x4/1.png":["assets/images/col_1/puzzle1/4x4/1.png"],"assets/images/col_1/puzzle1/4x4/10.png":["assets/images/col_1/puzzle1/4x4/10.png"],"assets/images/col_1/puzzle1/4x4/11.png":["assets/images/col_1/puzzle1/4x4/11.png"],"assets/images/col_1/puzzle1/4x4/12.png":["assets/images/col_1/puzzle1/4x4/12.png"],"assets/images/col_1/puzzle1/4x4/13.png":["assets/images/col_1/puzzle1/4x4/13.png"],"assets/images/col_1/puzzle1/4x4/14.png":["assets/images/col_1/puzzle1/4x4/14.png"],"assets/images/col_1/puzzle1/4x4/15.png":["assets/images/col_1/puzzle1/4x4/15.png"],"assets/images/col_1/puzzle1/4x4/16.png":["assets/images/col_1/puzzle1/4x4/16.png"],"assets/images/col_1/puzzle1/4x4/2.png":["assets/images/col_1/puzzle1/4x4/2.png"],"assets/images/col_1/puzzle1/4x4/3.png":["assets/images/col_1/puzzle1/4x4/3.png"],"assets/images/col_1/puzzle1/4x4/4.png":["assets/images/col_1/puzzle1/4x4/4.png"],"assets/images/col_1/puzzle1/4x4/5.png":["assets/images/col_1/puzzle1/4x4/5.png"],"assets/images/col_1/puzzle1/4x4/6.png":["assets/images/col_1/puzzle1/4x4/6.png"],"assets/images/col_1/puzzle1/4x4/7.png":["assets/images/col_1/puzzle1/4x4/7.png"],"assets/images/col_1/puzzle1/4x4/8.png":["assets/images/col_1/puzzle1/4x4/8.png"],"assets/images/col_1/puzzle1/4x4/9.png":["assets/images/col_1/puzzle1/4x4/9.png"],"assets/images/col_1/puzzle10.png":["assets/images/col_1/puzzle10.png"],"assets/images/col_1/puzzle10/4x4/1.png":["assets/images/col_1/puzzle10/4x4/1.png"],"assets/images/col_1/puzzle10/4x4/10.png":["assets/images/col_1/puzzle10/4x4/10.png"],"assets/images/col_1/puzzle10/4x4/11.png":["assets/images/col_1/puzzle10/4x4/11.png"],"assets/images/col_1/puzzle10/4x4/12.png":["assets/images/col_1/puzzle10/4x4/12.png"],"assets/images/col_1/puzzle10/4x4/13.png":["assets/images/col_1/puzzle10/4x4/13.png"],"assets/images/col_1/puzzle10/4x4/14.png":["assets/images/col_1/puzzle10/4x4/14.png"],"assets/images/col_1/puzzle10/4x4/15.png":["assets/images/col_1/puzzle10/4x4/15.png"],"assets/images/col_1/puzzle10/4x4/16.png":["assets/images/col_1/puzzle10/4x4/16.png"],"assets/images/col_1/puzzle10/4x4/2.png":["assets/images/col_1/puzzle10/4x4/2.png"],"assets/images/col_1/puzzle10/4x4/3.png":["assets/images/col_1/puzzle10/4x4/3.png"],"assets/images/col_1/puzzle10/4x4/4.png":["assets/images/col_1/puzzle10/4x4/4.png"],"assets/images/col_1/puzzle10/4x4/5.png":["assets/images/col_1/puzzle10/4x4/5.png"],"assets/images/col_1/puzzle10/4x4/6.png":["assets/images/col_1/puzzle10/4x4/6.png"],"assets/images/col_1/puzzle10/4x4/7.png":["assets/images/col_1/puzzle10/4x4/7.png"],"assets/images/col_1/puzzle10/4x4/8.png":["assets/images/col_1/puzzle10/4x4/8.png"],"assets/images/col_1/puzzle10/4x4/9.png":["assets/images/col_1/puzzle10/4x4/9.png"],"assets/images/col_1/puzzle2.png":["assets/images/col_1/puzzle2.png"],"assets/images/col_1/puzzle2/4x4/1.png":["assets/images/col_1/puzzle2/4x4/1.png"],"assets/images/col_1/puzzle2/4x4/10.png":["assets/images/col_1/puzzle2/4x4/10.png"],"assets/images/col_1/puzzle2/4x4/11.png":["assets/images/col_1/puzzle2/4x4/11.png"],"assets/images/col_1/puzzle2/4x4/12.png":["assets/images/col_1/puzzle2/4x4/12.png"],"assets/images/col_1/puzzle2/4x4/13.png":["assets/images/col_1/puzzle2/4x4/13.png"],"assets/images/col_1/puzzle2/4x4/14.png":["assets/images/col_1/puzzle2/4x4/14.png"],"assets/images/col_1/puzzle2/4x4/15.png":["assets/images/col_1/puzzle2/4x4/15.png"],"assets/images/col_1/puzzle2/4x4/16.png":["assets/images/col_1/puzzle2/4x4/16.png"],"assets/images/col_1/puzzle2/4x4/2.png":["assets/images/col_1/puzzle2/4x4/2.png"],"assets/images/col_1/puzzle2/4x4/3.png":["assets/images/col_1/puzzle2/4x4/3.png"],"assets/images/col_1/puzzle2/4x4/4.png":["assets/images/col_1/puzzle2/4x4/4.png"],"assets/images/col_1/puzzle2/4x4/5.png":["assets/images/col_1/puzzle2/4x4/5.png"],"assets/images/col_1/puzzle2/4x4/6.png":["assets/images/col_1/puzzle2/4x4/6.png"],"assets/images/col_1/puzzle2/4x4/7.png":["assets/images/col_1/puzzle2/4x4/7.png"],"assets/images/col_1/puzzle2/4x4/8.png":["assets/images/col_1/puzzle2/4x4/8.png"],"assets/images/col_1/puzzle2/4x4/9.png":["assets/images/col_1/puzzle2/4x4/9.png"],"assets/images/col_1/puzzle3.png":["assets/images/col_1/puzzle3.png"],"assets/images/col_1/puzzle3/4x4/1.png":["assets/images/col_1/puzzle3/4x4/1.png"],"assets/images/col_1/puzzle3/4x4/10.png":["assets/images/col_1/puzzle3/4x4/10.png"],"assets/images/col_1/puzzle3/4x4/11.png":["assets/images/col_1/puzzle3/4x4/11.png"],"assets/images/col_1/puzzle3/4x4/12.png":["assets/images/col_1/puzzle3/4x4/12.png"],"assets/images/col_1/puzzle3/4x4/13.png":["assets/images/col_1/puzzle3/4x4/13.png"],"assets/images/col_1/puzzle3/4x4/14.png":["assets/images/col_1/puzzle3/4x4/14.png"],"assets/images/col_1/puzzle3/4x4/15.png":["assets/images/col_1/puzzle3/4x4/15.png"],"assets/images/col_1/puzzle3/4x4/16.png":["assets/images/col_1/puzzle3/4x4/16.png"],"assets/images/col_1/puzzle3/4x4/2.png":["assets/images/col_1/puzzle3/4x4/2.png"],"assets/images/col_1/puzzle3/4x4/3.png":["assets/images/col_1/puzzle3/4x4/3.png"],"assets/images/col_1/puzzle3/4x4/4.png":["assets/images/col_1/puzzle3/4x4/4.png"],"assets/images/col_1/puzzle3/4x4/5.png":["assets/images/col_1/puzzle3/4x4/5.png"],"assets/images/col_1/puzzle3/4x4/6.png":["assets/images/col_1/puzzle3/4x4/6.png"],"assets/images/col_1/puzzle3/4x4/7.png":["assets/images/col_1/puzzle3/4x4/7.png"],"assets/images/col_1/puzzle3/4x4/8.png":["assets/images/col_1/puzzle3/4x4/8.png"],"assets/images/col_1/puzzle3/4x4/9.png":["assets/images/col_1/puzzle3/4x4/9.png"],"assets/images/col_1/puzzle4.png":["assets/images/col_1/puzzle4.png"],"assets/images/col_1/puzzle4/4x4/1.png":["assets/images/col_1/puzzle4/4x4/1.png"],"assets/images/col_1/puzzle4/4x4/10.png":["assets/images/col_1/puzzle4/4x4/10.png"],"assets/images/col_1/puzzle4/4x4/11.png":["assets/images/col_1/puzzle4/4x4/11.png"],"assets/images/col_1/puzzle4/4x4/12.png":["assets/images/col_1/puzzle4/4x4/12.png"],"assets/images/col_1/puzzle4/4x4/13.png":["assets/images/col_1/puzzle4/4x4/13.png"],"assets/images/col_1/puzzle4/4x4/14.png":["assets/images/col_1/puzzle4/4x4/14.png"],"assets/images/col_1/puzzle4/4x4/15.png":["assets/images/col_1/puzzle4/4x4/15.png"],"assets/images/col_1/puzzle4/4x4/16.png":["assets/images/col_1/puzzle4/4x4/16.png"],"assets/images/col_1/puzzle4/4x4/2.png":["assets/images/col_1/puzzle4/4x4/2.png"],"assets/images/col_1/puzzle4/4x4/3.png":["assets/images/col_1/puzzle4/4x4/3.png"],"assets/images/col_1/puzzle4/4x4/4.png":["assets/images/col_1/puzzle4/4x4/4.png"],"assets/images/col_1/puzzle4/4x4/5.png":["assets/images/col_1/puzzle4/4x4/5.png"],"assets/images/col_1/puzzle4/4x4/6.png":["assets/images/col_1/puzzle4/4x4/6.png"],"assets/images/col_1/puzzle4/4x4/7.png":["assets/images/col_1/puzzle4/4x4/7.png"],"assets/images/col_1/puzzle4/4x4/8.png":["assets/images/col_1/puzzle4/4x4/8.png"],"assets/images/col_1/puzzle4/4x4/9.png":["assets/images/col_1/puzzle4/4x4/9.png"],"assets/images/col_1/puzzle5.png":["assets/images/col_1/puzzle5.png"],"assets/images/col_1/puzzle5/4x4/1.png":["assets/images/col_1/puzzle5/4x4/1.png"],"assets/images/col_1/puzzle5/4x4/10.png":["assets/images/col_1/puzzle5/4x4/10.png"],"assets/images/col_1/puzzle5/4x4/11.png":["assets/images/col_1/puzzle5/4x4/11.png"],"assets/images/col_1/puzzle5/4x4/12.png":["assets/images/col_1/puzzle5/4x4/12.png"],"assets/images/col_1/puzzle5/4x4/13.png":["assets/images/col_1/puzzle5/4x4/13.png"],"assets/images/col_1/puzzle5/4x4/14.png":["assets/images/col_1/puzzle5/4x4/14.png"],"assets/images/col_1/puzzle5/4x4/15.png":["assets/images/col_1/puzzle5/4x4/15.png"],"assets/images/col_1/puzzle5/4x4/16.png":["assets/images/col_1/puzzle5/4x4/16.png"],"assets/images/col_1/puzzle5/4x4/2.png":["assets/images/col_1/puzzle5/4x4/2.png"],"assets/images/col_1/puzzle5/4x4/3.png":["assets/images/col_1/puzzle5/4x4/3.png"],"assets/images/col_1/puzzle5/4x4/4.png":["assets/images/col_1/puzzle5/4x4/4.png"],"assets/images/col_1/puzzle5/4x4/5.png":["assets/images/col_1/puzzle5/4x4/5.png"],"assets/images/col_1/puzzle5/4x4/6.png":["assets/images/col_1/puzzle5/4x4/6.png"],"assets/images/col_1/puzzle5/4x4/7.png":["assets/images/col_1/puzzle5/4x4/7.png"],"assets/images/col_1/puzzle5/4x4/8.png":["assets/images/col_1/puzzle5/4x4/8.png"],"assets/images/col_1/puzzle5/4x4/9.png":["assets/images/col_1/puzzle5/4x4/9.png"],"assets/images/col_1/puzzle6.png":["assets/images/col_1/puzzle6.png"],"assets/images/col_1/puzzle6/4x4/1.png":["assets/images/col_1/puzzle6/4x4/1.png"],"assets/images/col_1/puzzle6/4x4/10.png":["assets/images/col_1/puzzle6/4x4/10.png"],"assets/images/col_1/puzzle6/4x4/11.png":["assets/images/col_1/puzzle6/4x4/11.png"],"assets/images/col_1/puzzle6/4x4/12.png":["assets/images/col_1/puzzle6/4x4/12.png"],"assets/images/col_1/puzzle6/4x4/13.png":["assets/images/col_1/puzzle6/4x4/13.png"],"assets/images/col_1/puzzle6/4x4/14.png":["assets/images/col_1/puzzle6/4x4/14.png"],"assets/images/col_1/puzzle6/4x4/15.png":["assets/images/col_1/puzzle6/4x4/15.png"],"assets/images/col_1/puzzle6/4x4/16.png":["assets/images/col_1/puzzle6/4x4/16.png"],"assets/images/col_1/puzzle6/4x4/2.png":["assets/images/col_1/puzzle6/4x4/2.png"],"assets/images/col_1/puzzle6/4x4/3.png":["assets/images/col_1/puzzle6/4x4/3.png"],"assets/images/col_1/puzzle6/4x4/4.png":["assets/images/col_1/puzzle6/4x4/4.png"],"assets/images/col_1/puzzle6/4x4/5.png":["assets/images/col_1/puzzle6/4x4/5.png"],"assets/images/col_1/puzzle6/4x4/6.png":["assets/images/col_1/puzzle6/4x4/6.png"],"assets/images/col_1/puzzle6/4x4/7.png":["assets/images/col_1/puzzle6/4x4/7.png"],"assets/images/col_1/puzzle6/4x4/8.png":["assets/images/col_1/puzzle6/4x4/8.png"],"assets/images/col_1/puzzle6/4x4/9.png":["assets/images/col_1/puzzle6/4x4/9.png"],"assets/images/col_1/puzzle7.png":["assets/images/col_1/puzzle7.png"],"assets/images/col_1/puzzle7/4x4/1.png":["assets/images/col_1/puzzle7/4x4/1.png"],"assets/images/col_1/puzzle7/4x4/10.png":["assets/images/col_1/puzzle7/4x4/10.png"],"assets/images/col_1/puzzle7/4x4/11.png":["assets/images/col_1/puzzle7/4x4/11.png"],"assets/images/col_1/puzzle7/4x4/12.png":["assets/images/col_1/puzzle7/4x4/12.png"],"assets/images/col_1/puzzle7/4x4/13.png":["assets/images/col_1/puzzle7/4x4/13.png"],"assets/images/col_1/puzzle7/4x4/14.png":["assets/images/col_1/puzzle7/4x4/14.png"],"assets/images/col_1/puzzle7/4x4/15.png":["assets/images/col_1/puzzle7/4x4/15.png"],"assets/images/col_1/puzzle7/4x4/16.png":["assets/images/col_1/puzzle7/4x4/16.png"],"assets/images/col_1/puzzle7/4x4/2.png":["assets/images/col_1/puzzle7/4x4/2.png"],"assets/images/col_1/puzzle7/4x4/3.png":["assets/images/col_1/puzzle7/4x4/3.png"],"assets/images/col_1/puzzle7/4x4/4.png":["assets/images/col_1/puzzle7/4x4/4.png"],"assets/images/col_1/puzzle7/4x4/5.png":["assets/images/col_1/puzzle7/4x4/5.png"],"assets/images/col_1/puzzle7/4x4/6.png":["assets/images/col_1/puzzle7/4x4/6.png"],"assets/images/col_1/puzzle7/4x4/7.png":["assets/images/col_1/puzzle7/4x4/7.png"],"assets/images/col_1/puzzle7/4x4/8.png":["assets/images/col_1/puzzle7/4x4/8.png"],"assets/images/col_1/puzzle7/4x4/9.png":["assets/images/col_1/puzzle7/4x4/9.png"],"assets/images/col_1/puzzle8.png":["assets/images/col_1/puzzle8.png"],"assets/images/col_1/puzzle8/4x4/1.png":["assets/images/col_1/puzzle8/4x4/1.png"],"assets/images/col_1/puzzle8/4x4/10.png":["assets/images/col_1/puzzle8/4x4/10.png"],"assets/images/col_1/puzzle8/4x4/11.png":["assets/images/col_1/puzzle8/4x4/11.png"],"assets/images/col_1/puzzle8/4x4/12.png":["assets/images/col_1/puzzle8/4x4/12.png"],"assets/images/col_1/puzzle8/4x4/13.png":["assets/images/col_1/puzzle8/4x4/13.png"],"assets/images/col_1/puzzle8/4x4/14.png":["assets/images/col_1/puzzle8/4x4/14.png"],"assets/images/col_1/puzzle8/4x4/15.png":["assets/images/col_1/puzzle8/4x4/15.png"],"assets/images/col_1/puzzle8/4x4/16.png":["assets/images/col_1/puzzle8/4x4/16.png"],"assets/images/col_1/puzzle8/4x4/2.png":["assets/images/col_1/puzzle8/4x4/2.png"],"assets/images/col_1/puzzle8/4x4/3.png":["assets/images/col_1/puzzle8/4x4/3.png"],"assets/images/col_1/puzzle8/4x4/4.png":["assets/images/col_1/puzzle8/4x4/4.png"],"assets/images/col_1/puzzle8/4x4/5.png":["assets/images/col_1/puzzle8/4x4/5.png"],"assets/images/col_1/puzzle8/4x4/6.png":["assets/images/col_1/puzzle8/4x4/6.png"],"assets/images/col_1/puzzle8/4x4/7.png":["assets/images/col_1/puzzle8/4x4/7.png"],"assets/images/col_1/puzzle8/4x4/8.png":["assets/images/col_1/puzzle8/4x4/8.png"],"assets/images/col_1/puzzle8/4x4/9.png":["assets/images/col_1/puzzle8/4x4/9.png"],"assets/images/col_1/puzzle9.png":["assets/images/col_1/puzzle9.png"],"assets/images/col_1/puzzle9/5x5/1.png":["assets/images/col_1/puzzle9/5x5/1.png"],"assets/images/col_1/puzzle9/5x5/10.png":["assets/images/col_1/puzzle9/5x5/10.png"],"assets/images/col_1/puzzle9/5x5/11.png":["assets/images/col_1/puzzle9/5x5/11.png"],"assets/images/col_1/puzzle9/5x5/12.png":["assets/images/col_1/puzzle9/5x5/12.png"],"assets/images/col_1/puzzle9/5x5/13.png":["assets/images/col_1/puzzle9/5x5/13.png"],"assets/images/col_1/puzzle9/5x5/14.png":["assets/images/col_1/puzzle9/5x5/14.png"],"assets/images/col_1/puzzle9/5x5/15.png":["assets/images/col_1/puzzle9/5x5/15.png"],"assets/images/col_1/puzzle9/5x5/16.png":["assets/images/col_1/puzzle9/5x5/16.png"],"assets/images/col_1/puzzle9/5x5/17.png":["assets/images/col_1/puzzle9/5x5/17.png"],"assets/images/col_1/puzzle9/5x5/18.png":["assets/images/col_1/puzzle9/5x5/18.png"],"assets/images/col_1/puzzle9/5x5/19.png":["assets/images/col_1/puzzle9/5x5/19.png"],"assets/images/col_1/puzzle9/5x5/2.png":["assets/images/col_1/puzzle9/5x5/2.png"],"assets/images/col_1/puzzle9/5x5/20.png":["assets/images/col_1/puzzle9/5x5/20.png"],"assets/images/col_1/puzzle9/5x5/21.png":["assets/images/col_1/puzzle9/5x5/21.png"],"assets/images/col_1/puzzle9/5x5/22.png":["assets/images/col_1/puzzle9/5x5/22.png"],"assets/images/col_1/puzzle9/5x5/23.png":["assets/images/col_1/puzzle9/5x5/23.png"],"assets/images/col_1/puzzle9/5x5/24.png":["assets/images/col_1/puzzle9/5x5/24.png"],"assets/images/col_1/puzzle9/5x5/25.png":["assets/images/col_1/puzzle9/5x5/25.png"],"assets/images/col_1/puzzle9/5x5/3.png":["assets/images/col_1/puzzle9/5x5/3.png"],"assets/images/col_1/puzzle9/5x5/4.png":["assets/images/col_1/puzzle9/5x5/4.png"],"assets/images/col_1/puzzle9/5x5/5.png":["assets/images/col_1/puzzle9/5x5/5.png"],"assets/images/col_1/puzzle9/5x5/6.png":["assets/images/col_1/puzzle9/5x5/6.png"],"assets/images/col_1/puzzle9/5x5/7.png":["assets/images/col_1/puzzle9/5x5/7.png"],"assets/images/col_1/puzzle9/5x5/8.png":["assets/images/col_1/puzzle9/5x5/8.png"],"assets/images/col_1/puzzle9/5x5/9.png":["assets/images/col_1/puzzle9/5x5/9.png"],"assets/images/icon.png":["assets/images/icon.png"],"assets/images/icon.svg":["assets/images/icon.svg"],"packages/cupertino_icons/assets/CupertinoIcons.ttf":["packages/cupertino_icons/assets/CupertinoIcons.ttf"]}